"Date","Daily minimum temperatures in Melbourne, Australia, 1981-1990"
"2010-01-01",109.9
"2010-01-02",110.6
"2010-01-03",111.8
"2010-01-04",112.4
"2010-01-05",109.7
"2010-01-06",109.4
"2010-01-07",110.0
"2010-01-08",109.1
"2010-01-09",108.5
"2010-01-10",108.1
"2010-01-11",105.8
"2010-01-12",109.4
"2010-01-13",108.4
"2010-01-14",109.6
"2010-01-15",110.3
"2010-01-16",110.4
"2010-01-17",111.6
"2010-01-18",113.6
"2010-01-19",108.8
"2010-01-20",112.7
"2010-01-21",114.4
"2010-01-22",114.1
"2010-01-23",111.1
"2010-01-24",112.2
"2010-01-25",113.0
"2010-01-26",111.9
"2010-01-27",111.3
"2010-01-28",111.9
"2010-01-29",110.4
"2010-01-30",109.4
"2010-01-31",105.5
"2010-02-01",107.3
"2010-02-02",108.5
"2010-02-03",106.7
"2010-02-04",108.2
"2010-02-05",105.5
"2010-02-06",106.3
"2010-02-07",111.2
"2010-02-08",113.7
"2010-02-09",108.3
"2010-02-10",111.2
"2010-02-11",107.1
"2010-02-12",109.0
"2010-02-13",106.1
"2010-02-14",107.1
"2010-02-15",106.8
"2010-02-16",107.6
"2010-02-17",107.7
"2010-02-18",105.8
"2010-02-19",108.9
"2010-02-20",107.1
"2010-02-21",108.3
"2010-02-22",110.6
"2010-02-23",106.9
"2010-02-24",105.3
"2010-02-25",109.8
"2010-02-26",106.9
"2010-02-27",108.5
"2010-02-28",112.1
"2010-03-01",109.1
"2010-03-02",113.4
"2010-03-03",108.1
"2010-03-04",108.1
"2010-03-05",107.2
"2010-03-06",107.8
"2010-03-07",108.3
"2010-03-08",110.1
"2010-03-09",102.7
"2010-03-10",106.3
"2010-03-11",107.0
"2010-03-12",110.2
"2010-03-13",106.8
"2010-03-14",106.4
"2010-03-15",104.8
"2010-03-16",107.9
"2010-03-17",112.2
"2010-03-18",105.7
"2010-03-19",105.1
"2010-03-20",105.3
"2010-03-21",109.3
"2010-03-22",105.3
"2010-03-23",103.1
"2010-03-24",106.1
"2010-03-25",105.4
"2010-03-26",105.2
"2010-03-27",104.4
"2010-03-28",106.3
"2010-03-29",106.6
"2010-03-30",105.6
"2010-03-31",107.0
"2010-04-01",106.2
"2010-04-02",103.5
"2010-04-03",99.3
"2010-04-04",101.8
"2010-04-05",103.2
"2010-04-06",107.3
"2010-04-07",106.4
"2010-04-08",103.1
"2010-04-09",103.8
"2010-04-10",105.9
"2010-04-11",101.6
"2010-04-12",99.9
"2010-04-13",97.8
"2010-04-14",98.9
"2010-04-15",100.3
"2010-04-16",105.4
"2010-04-17",104.3
"2010-04-18",108.6
"2010-04-19",103.8
"2010-04-20",101.4
"2010-04-21",98.9
"2010-04-22",97.3
"2010-04-23",97.5
"2010-04-24",98.6
"2010-04-25",98.5
"2010-04-26",97.9
"2010-04-27",103.0
"2010-04-28",99.1
"2010-04-29",97.9
"2010-04-30",99.1
"2010-05-01",100.3
"2010-05-02",104.7
"2010-05-03",104.7
"2010-05-04",105.3
"2010-05-05",110.8
"2010-05-06",102.7
"2010-05-07",100.6
"2010-05-08",98.5
"2010-05-09",98.5
"2010-05-10",100.8
"2010-05-11",100.1
"2010-05-12",106.6
"2010-05-13",106.1
"2010-05-14",106.6
"2010-05-15",103.5
"2010-05-16",99.7
"2010-05-17",100.6
"2010-05-18",101.0
"2010-05-19",98.9
"2010-05-20",101.7
"2010-05-21",101.4
"2010-05-22",100.7
"2010-05-23",97.9
"2010-05-24",100.0
"2010-05-25",101.4
"2010-05-26",105.4
"2010-05-27",104.1
"2010-05-28",101.2
"2010-05-29",103.3
"2010-05-30",100.2
"2010-05-31",99.4
"2010-06-01",105.9
"2010-06-02",101.6
"2010-06-03",99.9
"2010-06-04",97.8
"2010-06-05",101.6
"2010-06-06",99.9
"2010-06-07",97.8
"2010-06-08",98.9
"2010-06-09",108.6
"2010-06-10",103.8
"2010-06-11",101.4
"2010-06-12",98.9
"2010-06-13",103.8
"2010-06-14",101.4
"2010-06-15",98.9
"2010-06-16",97.3
"2010-06-17",101.4
"2010-06-18",98.9
"2010-06-19",97.3
"2010-06-20",97.5
"2010-06-21",98.9
"2010-06-22",97.3
"2010-06-23",97.5
"2010-06-24",98.6
"2010-06-25",97.3
"2010-06-26",97.5
"2010-06-27",98.6
"2010-06-28",98.5
"2010-06-29",97.5
"2010-06-30",98.6
"2010-07-01",98.5
"2010-07-02",97.9
"2010-07-03",97.9
"2010-07-04",103.0
"2010-07-05",99.1
"2010-07-06",97.9
"2010-07-07",110.8
"2010-07-08",102.7
"2010-07-09",100.6
"2010-07-10",98.5
"2010-07-11",102.7
"2010-07-12",100.6
"2010-07-13",98.5
"2010-07-14",98.5
"2010-07-15",99.7
"2010-07-16",100.6
"2010-07-17",101.0
"2010-07-18",98.9
"2010-07-19",101.7
"2010-07-20",101.4
"2010-07-21",100.7
"2010-07-22",97.9
"2010-07-23",103.3
"2010-07-24",100.2
"2010-07-25",99.4
"2010-07-26",98.7
"2010-07-27",107.8
"2010-07-28",106.5
"2010-07-29",100.1
"2010-07-30",98.3
"2010-07-31",106.5
"2010-08-01",100.1
"2010-08-02",98.3
"2010-08-03",96.9
"2010-08-04",100.1
"2010-08-05",98.3
"2010-08-06",96.9
"2010-08-07",97.4
"2010-08-08",98.3
"2010-08-09",96.9
"2010-08-10",97.4
"2010-08-11",99.0
"2010-08-12",97.4
"2010-08-13",99.0
"2010-08-14",101.1
"2010-08-15",98.3
"2010-08-16",98.3
"2010-08-17",101.1
"2010-08-18",102.0
"2010-08-19",97.7
"2010-08-20",101.9
"2010-08-21",101.6
"2010-08-22",99.7
"2010-08-23",95.0
"2010-08-24",101.6
"2010-08-25",99.7
"2010-08-26",95.0
"2010-08-27",96.3
"2010-08-28",99.7
"2010-08-29",95.0
"2010-08-30",96.3
"2010-08-31",95.3
"2010-09-01",95.0
"2010-09-02",96.3
"2010-09-03",95.3
"2010-09-04",98.3
"2010-09-05",96.3
"2010-09-06",95.3
"2010-09-07",98.3
"2010-09-08",95.0
"2010-09-09",98.3
"2010-09-10",95.0
"2010-09-11",99.2
"2010-09-12",96.7
"2010-09-13",95.0
"2010-09-14",99.2
"2010-09-15",96.7
"2010-09-16",99.0
"2010-09-17",96.7
"2010-09-18",99.0
"2010-09-19",100.4
"2010-09-20",98.4
"2010-09-21",99.0
"2010-09-22",100.4
"2010-09-23",98.4
"2010-09-24",97.1
"2010-09-25",97.1
"2010-09-26",104.2
"2010-09-27",101.7
"2010-09-28",98.6
"2010-09-29",104.2
"2010-09-30",101.7
"2010-10-01",98.6
"2010-10-02",97.1
"2010-10-03",101.7
"2010-10-04",98.6
"2010-10-05",97.1
"2010-10-06",98.8
"2010-10-07",98.6
"2010-10-08",97.1
"2010-10-09",98.8
"2010-10-10",96.8
"2010-10-11",96.8
"2010-10-12",100.9
"2010-10-13",103.8
"2010-10-14",97.8
"2010-10-15",100.9
"2010-10-16",103.8
"2010-10-17",97.8
"2010-10-18",98.9
"2010-10-19",103.8
"2010-10-20",97.8
"2010-10-21",98.9
"2010-10-22",96.9
"2010-10-23",97.8
"2010-10-24",98.9
"2010-10-25",96.9
"2010-10-26",95.5
"2010-10-27",102.3
"2010-10-28",103.1
"2010-10-29",101.2
"2010-10-30",98.6
"2010-10-31",101.2
"2010-11-01",98.6
"2010-11-02",99.8
"2010-11-03",97.5
"2010-11-04",107.4
"2010-11-05",104.1
"2010-11-06",99.4
"2010-11-07",98.2
"2010-11-08",102.3
"2010-11-09",107.2
"2010-11-10",100.9
"2010-11-11",98.6
"2010-11-12",101.1
"2010-11-13",104.9
"2010-11-14",101.9
"2010-11-15",98.1
"2010-11-16",104.9
"2010-11-17",101.9
"2010-11-18",98.1
"2010-11-19",98.9
"2010-11-20",101.1
"2010-11-21",104.7
"2010-11-22",101.1
"2010-11-23",98.8
"2010-11-24",102.3
"2010-11-25",100.2
"2010-11-26",101.6
"2010-11-27",98.7
"2010-11-28",100.2
"2010-11-29",101.6
"2010-11-30",98.7
"2010-12-01",106.3
"2010-12-02",108.3
"2010-12-03",107.5
"2010-12-04",105.5
"2010-12-05",105.9
"2010-12-06",108.1
"2010-12-07",110.1
"2010-12-08",105.8
"2010-12-09",102.9
"2010-12-10",106.3
"2010-12-11",107.9
"2010-12-12",103.6
"2010-12-13",103.4
"2010-12-14",107.6
"2010-12-15",112.1
"2010-12-16",108.7
"2010-12-17",110.5
"2010-12-18",109.5
"2010-12-19",105.0
"2010-12-20",105.5
"2010-12-21",108.3
"2010-12-22",109.8
"2010-12-23",113.8
"2010-12-24",111.5
"2010-12-25",108.6
"2010-12-26",110.4
"2010-12-27",111.0
"2010-12-28",110.7
"2010-12-29",111.5
"2010-12-30",112.1
"2010-12-31",109.2
"2011-01-01",109.3
"2011-01-02",111.8
"2011-01-03",111.9
"2011-01-04",112.3
"2011-01-05",109.9
"2011-01-06",110.7
"2011-01-07",113.3
"2011-01-08",111.1
"2011-01-09",109.2
"2011-01-10",110.0
"2011-01-11",108.9
"2011-01-12",109.0
"2011-01-13",109.8
"2011-01-14",111.4
"2011-01-15",108.8
"2011-01-16",111.6
"2011-01-17",107.2
"2011-01-18",106.5
"2011-01-19",108.8
"2011-01-20",108.5
"2011-01-21",109.0
"2011-01-22",109.8
"2011-01-23",113.8
"2011-01-24",114.7
"2011-01-25",115.0
"2011-01-26",113.7
"2011-01-27",113.1
"2011-01-28",109.2
"2011-01-29",108.8
"2011-01-30",108.4
"2011-01-31",112.4
"2011-02-01",106.5
"2011-02-02",106.1
"2011-02-03",109.4
"2011-02-04",105.6
"2011-02-05",109.7
"2011-02-06",109.8
"2011-02-07",111.3
"2011-02-08",112.4
"2011-02-09",113.1
"2011-02-10",111.4
"2011-02-11",114.9
"2011-02-12",113.2
"2011-02-13",109.9
"2011-02-14",108.1
"2011-02-15",111.4
"2011-02-16",110.2
"2011-02-17",107.3
"2011-02-18",108.4
"2011-02-19",110.9
"2011-02-20",110.6
"2011-02-21",108.8
"2011-02-22",109.8
"2011-02-23",108.9
"2011-02-24",106.9
"2011-02-25",108.4
"2011-02-26",109.8
"2011-02-27",109.1
"2011-02-28",108.8
"2011-03-01",107.9
"2011-03-02",108.1
"2011-03-03",107.8
"2011-03-04",109.2
"2011-03-05",111.6
"2011-03-06",110.6
"2011-03-07",109.0
"2011-03-08",109.3
"2011-03-09",108.8
"2011-03-10",107.5
"2011-03-11",113.2
"2011-03-12",108.6
"2011-03-13",101.2
"2011-03-14",108.8
"2011-03-15",108.7
"2011-03-16",105.9
"2011-03-17",103.6
"2011-03-18",101.7
"2011-03-19",105.2
"2011-03-20",106.7
"2011-03-21",105.9
"2011-03-22",110.3
"2011-03-23",106.4
"2011-03-24",102.7
"2011-03-25",105.9
"2011-03-26",107.5
"2011-03-27",100.9
"2011-03-28",100.3
"2011-03-29",103.0
"2011-03-30",103.8
"2011-03-31",106.3
"2011-04-01",105.8
"2011-04-02",101.2
"2011-04-03",103.1
"2011-04-04",103.5
"2011-04-05",104.7
"2011-04-06",107.1
"2011-04-07",106.4
"2011-04-08",103.4
"2011-04-09",107.8
"2011-04-10",112.2
"2011-04-11",111.5
"2011-04-12",107.9
"2011-04-13",108.6
"2011-04-14",104.9
"2011-04-15",101.4
"2011-04-16",100.4
"2011-04-17",99.6
"2011-04-18",100.2
"2011-04-19",100.9
"2011-04-20",104.8
"2011-04-21",102.3
"2011-04-22",103.1
"2011-04-23",100.4
"2011-04-24",100.0
"2011-04-25",104.3
"2011-04-26",102.4
"2011-04-27",104.1
"2011-04-28",106.9
"2011-04-29",103.6
"2011-04-30",100.6
"2011-05-01",100.7
"2011-05-02",99.5
"2011-05-03",99.1
"2011-05-04",100.9
"2011-05-05",102.2
"2011-05-06",101.1
"2011-05-07",104.7
"2011-05-08",101.1
"2011-05-09",98.8
"2011-05-10",99.4
"2011-05-11",102.0
"2011-05-12",105.5
"2011-05-13",102.3
"2011-05-14",102.0
"2011-05-15",103.2
"2011-05-16",105.5
"2011-05-17",102.7
"2011-05-18",99.7
"2011-05-19",109.1
"2011-05-20",106.6
"2011-05-21",107.1
"2011-05-22",102.3
"2011-05-23",100.2
"2011-05-24",101.6
"2011-05-25",98.7
"2011-05-26",99.0
"2011-05-27",99.3
"2011-05-28",99.1
"2011-05-29",99.4
"2011-05-30",103.9
"2011-05-31",99.5
"2011-06-01",105.9
"2011-06-02",101.6
"2011-06-03",99.9
"2011-06-04",97.8
"2011-06-05",101.6
"2011-06-06",99.9
"2011-06-07",97.8
"2011-06-08",98.9
"2011-06-09",108.6
"2011-06-10",103.8
"2011-06-11",101.4
"2011-06-12",98.9
"2011-06-13",103.8
"2011-06-14",101.4
"2011-06-15",98.9
"2011-06-16",97.3
"2011-06-17",101.4
"2011-06-18",98.9
"2011-06-19",97.3
"2011-06-20",97.5
"2011-06-21",98.9
"2011-06-22",97.3
"2011-06-23",97.5
"2011-06-24",98.6
"2011-06-25",97.3
"2011-06-26",97.5
"2011-06-27",98.6
"2011-06-28",98.5
"2011-06-29",97.5
"2011-06-30",98.6
"2011-07-01",98.5
"2011-07-02",97.9
"2011-07-03",97.9
"2011-07-04",103.0
"2011-07-05",99.1
"2011-07-06",97.9
"2011-07-07",110.8
"2011-07-08",102.7
"2011-07-09",100.6
"2011-07-10",98.5
"2011-07-11",102.7
"2011-07-12",100.6
"2011-07-13",98.5
"2011-07-14",98.5
"2011-07-15",99.7
"2011-07-16",100.6
"2011-07-17",101.0
"2011-07-18",98.9
"2011-07-19",101.7
"2011-07-20",101.4
"2011-07-21",100.7
"2011-07-22",97.9
"2011-07-23",103.3
"2011-07-24",100.2
"2011-07-25",99.4
"2011-07-26",98.7
"2011-07-27",107.8
"2011-07-28",106.5
"2011-07-29",100.1
"2011-07-30",98.3
"2011-07-31",106.5
"2011-08-01",100.1
"2011-08-02",98.3
"2011-08-03",96.9
"2011-08-04",100.1
"2011-08-05",98.3
"2011-08-06",96.9
"2011-08-07",97.4
"2011-08-08",98.3
"2011-08-09",96.9
"2011-08-10",97.4
"2011-08-11",99.0
"2011-08-12",97.4
"2011-08-13",99.0
"2011-08-14",101.1
"2011-08-15",98.3
"2011-08-16",98.3
"2011-08-17",101.1
"2011-08-18",102.0
"2011-08-19",97.7
"2011-08-20",101.9
"2011-08-21",101.6
"2011-08-22",99.7
"2011-08-23",95.0
"2011-08-24",101.6
"2011-08-25",99.7
"2011-08-26",95.0
"2011-08-27",96.3
"2011-08-28",99.7
"2011-08-29",95.0
"2011-08-30",96.3
"2011-08-31",95.3
"2011-09-01",95.0
"2011-09-02",96.3
"2011-09-03",95.3
"2011-09-04",98.3
"2011-09-05",96.3
"2011-09-06",95.3
"2011-09-07",98.3
"2011-09-08",95.0
"2011-09-09",98.3
"2011-09-10",95.0
"2011-09-11",99.2
"2011-09-12",96.7
"2011-09-13",95.0
"2011-09-14",99.2
"2011-09-15",96.7
"2011-09-16",99.0
"2011-09-17",96.7
"2011-09-18",99.0
"2011-09-19",100.4
"2011-09-20",98.4
"2011-09-21",99.0
"2011-09-22",100.4
"2011-09-23",98.4
"2011-09-24",97.1
"2011-09-25",97.1
"2011-09-26",104.2
"2011-09-27",101.7
"2011-09-28",98.6
"2011-09-29",104.2
"2011-09-30",101.7
"2011-10-01",98.6
"2011-10-02",97.1
"2011-10-03",101.7
"2011-10-04",98.6
"2011-10-05",97.1
"2011-10-06",98.8
"2011-10-07",98.6
"2011-10-08",97.1
"2011-10-09",98.8
"2011-10-10",96.8
"2011-10-11",96.8
"2011-10-12",100.9
"2011-10-13",103.8
"2011-10-14",97.8
"2011-10-15",100.9
"2011-10-16",103.8
"2011-10-17",97.8
"2011-10-18",98.9
"2011-10-19",103.8
"2011-10-20",97.8
"2011-10-21",98.9
"2011-10-22",96.9
"2011-10-23",97.8
"2011-10-24",98.9
"2011-10-25",96.9
"2011-10-26",95.5
"2011-10-27",102.3
"2011-10-28",103.1
"2011-10-29",101.2
"2011-10-30",98.6
"2011-10-31",101.2
"2011-11-01",98.6
"2011-11-02",99.8
"2011-11-03",97.5
"2011-11-04",107.4
"2011-11-05",104.1
"2011-11-06",99.4
"2011-11-07",98.2
"2011-11-08",102.3
"2011-11-09",107.2
"2011-11-10",100.9
"2011-11-11",98.6
"2011-11-12",101.1
"2011-11-13",104.9
"2011-11-14",101.9
"2011-11-15",98.1
"2011-11-16",104.9
"2011-11-17",101.9
"2011-11-18",98.1
"2011-11-19",98.9
"2011-11-20",101.1
"2011-11-21",104.7
"2011-11-22",101.1
"2011-11-23",98.8
"2011-11-24",102.3
"2011-11-25",100.2
"2011-11-26",101.6
"2011-11-27",98.7
"2011-11-28",100.2
"2011-11-29",101.6
"2011-11-30",98.7
"2011-12-01",106.7
"2011-12-02",108.3
"2011-12-03",106.9
"2011-12-04",107.7
"2011-12-05",109.2
"2011-12-06",110.1
"2011-12-07",112.4
"2011-12-08",112.2
"2011-12-09",111.2
"2011-12-10",108.6
"2011-12-11",106.8
"2011-12-12",109.4
"2011-12-13",111.6
"2011-12-14",111.2
"2011-12-15",111.4
"2011-12-16",111.2
"2011-12-17",111.5
"2011-12-18",109.4
"2011-12-19",108.6
"2011-12-20",110.6
"2011-12-21",108.5
"2011-12-22",106.1
"2011-12-23",106.2
"2011-12-24",108.2
"2011-12-25",110.2
"2011-12-26",110.6
"2011-12-27",110.9
"2011-12-28",112.2
"2011-12-29",109.6
"2011-12-30",111.4
"2011-12-31",112.7
"2012-01-01",113.6
"2012-01-02",111.7
"2012-01-03",113.4
"2012-01-04",113.7
"2012-01-05",112.9
"2012-01-06",112.4
"2012-01-07",115.3
"2012-01-08",112.7
"2012-01-09",110.8
"2012-01-10",109.7
"2012-01-11",108.7
"2012-01-12",111.7
"2012-01-13",112.2
"2012-01-14",112.1
"2012-01-15",111.2
"2012-01-16",109.3
"2012-01-17",109.3
"2012-01-18",111.3
"2012-01-19",110.5
"2012-01-20",110.3
"2012-01-21",108.1
"2012-01-22",111.4
"2012-01-23",109.0
"2012-01-24",108.2
"2012-01-25",109.1
"2012-01-26",109.5
"2012-01-27",108.1
"2012-01-28",109.0
"2012-01-29",108.7
"2012-01-30",109.3
"2012-01-31",111.3
"2012-02-01",107.1
"2012-02-02",107.8
"2012-02-03",106.3
"2012-02-04",109.5
"2012-02-05",107.8
"2012-02-06",108.4
"2012-02-07",108.0
"2012-02-08",107.7
"2012-02-09",109.5
"2012-02-10",110.6
"2012-02-11",112.2
"2012-02-12",115.2
"2012-02-13",113.2
"2012-02-14",113.4
"2012-02-15",111.7
"2012-02-16",111.7
"2012-02-17",113.7
"2012-02-18",112.3
"2012-02-19",108.9
"2012-02-20",106.7
"2012-02-21",107.6
"2012-02-22",114.5
"2012-02-23",108.2
"2012-02-24",109.4
"2012-02-25",113.0
"2012-02-26",110.1
"2012-02-27",108.4
"2012-02-28",111.7
"2012-02-29",108.4
"2012-03-01",104.9
"2012-03-02",107.5
"2012-03-03",114.0
"2012-03-04",110.0
"2012-03-05",115.0
"2012-03-06",109.4
"2012-03-07",107.7
"2012-03-08",109.2
"2012-03-09",108.9
"2012-03-10",111.6
"2012-03-11",108.7
"2012-03-12",107.7
"2012-03-13",106.6
"2012-03-14",106.3
"2012-03-15",108.9
"2012-03-16",110.6
"2012-03-17",111.1
"2012-03-18",108.3
"2012-03-19",108.8
"2012-03-20",108.3
"2012-03-21",108.1
"2012-03-22",107.4
"2012-03-23",104.8
"2012-03-24",105.4
"2012-03-25",104.0
"2012-03-26",102.2
"2012-03-27",103.2
"2012-03-28",103.9
"2012-03-29",105.5
"2012-03-30",105.8
"2012-03-31",106.4
"2012-04-01",105.3
"2012-04-02",103.9
"2012-04-03",105.4
"2012-04-04",108.1
"2012-04-05",104.8
"2012-04-06",103.0
"2012-04-07",105.6
"2012-04-08",112.1
"2012-04-09",105.8
"2012-04-10",103.8
"2012-04-11",104.3
"2012-04-12",106.2
"2012-04-13",107.5
"2012-04-14",105.1
"2012-04-15",106.0
"2012-04-16",102.7
"2012-04-17",99.6
"2012-04-18",100.0
"2012-04-19",99.4
"2012-04-20",99.6
"2012-04-21",100.1
"2012-04-22",101.3
"2012-04-23",104.0
"2012-04-24",106.9
"2012-04-25",101.4
"2012-04-26",106.7
"2012-04-27",107.7
"2012-04-28",102.1
"2012-04-29",99.8
"2012-04-30",100.1
"2012-05-01",102.5
"2012-05-02",103.6
"2012-05-03",102.3
"2012-05-04",102.4
"2012-05-05",104.7
"2012-05-06",107.3
"2012-05-07",107.3
"2012-05-08",103.1
"2012-05-09",101.3
"2012-05-10",100.1
"2012-05-11",105.3
"2012-05-12",102.2
"2012-05-13",103.5
"2012-05-14",101.1
"2012-05-15",101.9
"2012-05-16",109.0
"2012-05-17",103.3
"2012-05-18",98.4
"2012-05-19",98.7
"2012-05-20",103.0
"2012-05-21",104.6
"2012-05-22",101.5
"2012-05-23",99.5
"2012-05-24",99.6
"2012-05-25",106.1
"2012-05-26",111.0
"2012-05-27",112.9
"2012-05-28",114.1
"2012-05-29",109.7
"2012-05-30",105.7
"2012-05-31",106.2
"2012-06-01",105.9
"2012-06-02",101.6
"2012-06-03",99.9
"2012-06-04",97.8
"2012-06-05",101.6
"2012-06-06",99.9
"2012-06-07",97.8
"2012-06-08",98.9
"2012-06-09",108.6
"2012-06-10",103.8
"2012-06-11",101.4
"2012-06-12",98.9
"2012-06-13",103.8
"2012-06-14",101.4
"2012-06-15",98.9
"2012-06-16",97.3
"2012-06-17",101.4
"2012-06-18",98.9
"2012-06-19",97.3
"2012-06-20",97.5
"2012-06-21",98.9
"2012-06-22",97.3
"2012-06-23",97.5
"2012-06-24",98.6
"2012-06-25",97.3
"2012-06-26",97.5
"2012-06-27",98.6
"2012-06-28",98.5
"2012-06-29",97.5
"2012-06-30",98.6
"2012-07-01",98.5
"2012-07-02",97.9
"2012-07-03",97.9
"2012-07-04",103.0
"2012-07-05",99.1
"2012-07-06",97.9
"2012-07-07",110.8
"2012-07-08",102.7
"2012-07-09",100.6
"2012-07-10",98.5
"2012-07-11",102.7
"2012-07-12",100.6
"2012-07-13",98.5
"2012-07-14",98.5
"2012-07-15",99.7
"2012-07-16",100.6
"2012-07-17",101.0
"2012-07-18",98.9
"2012-07-19",101.7
"2012-07-20",101.4
"2012-07-21",100.7
"2012-07-22",97.9
"2012-07-23",103.3
"2012-07-24",100.2
"2012-07-25",99.4
"2012-07-26",98.7
"2012-07-27",107.8
"2012-07-28",106.5
"2012-07-29",100.1
"2012-07-30",98.3
"2012-07-31",106.5
"2012-08-01",100.1
"2012-08-02",98.3
"2012-08-03",96.9
"2012-08-04",100.1
"2012-08-05",98.3
"2012-08-06",96.9
"2012-08-07",97.4
"2012-08-08",98.3
"2012-08-09",96.9
"2012-08-10",97.4
"2012-08-11",99.0
"2012-08-12",97.4
"2012-08-13",99.0
"2012-08-14",101.1
"2012-08-15",98.3
"2012-08-16",98.3
"2012-08-17",101.1
"2012-08-18",102.0
"2012-08-19",97.7
"2012-08-20",101.9
"2012-08-21",101.6
"2012-08-22",99.7
"2012-08-23",95.0
"2012-08-24",101.6
"2012-08-25",99.7
"2012-08-26",95.0
"2012-08-27",96.3
"2012-08-28",99.7
"2012-08-29",95.0
"2012-08-30",96.3
"2012-08-31",95.3
"2012-09-01",95.0
"2012-09-02",96.3
"2012-09-03",95.3
"2012-09-04",98.3
"2012-09-05",96.3
"2012-09-06",95.3
"2012-09-07",98.3
"2012-09-08",95.0
"2012-09-09",98.3
"2012-09-10",95.0
"2012-09-11",99.2
"2012-09-12",96.7
"2012-09-13",95.0
"2012-09-14",99.2
"2012-09-15",96.7
"2012-09-16",99.0
"2012-09-17",96.7
"2012-09-18",99.0
"2012-09-19",100.4
"2012-09-20",98.4
"2012-09-21",99.0
"2012-09-22",100.4
"2012-09-23",98.4
"2012-09-24",97.1
"2012-09-25",97.1
"2012-09-26",104.2
"2012-09-27",101.7
"2012-09-28",98.6
"2012-09-29",104.2
"2012-09-30",101.7
"2012-10-01",98.6
"2012-10-02",97.1
"2012-10-03",101.7
"2012-10-04",98.6
"2012-10-05",97.1
"2012-10-06",98.8
"2012-10-07",98.6
"2012-10-08",97.1
"2012-10-09",98.8
"2012-10-10",96.8
"2012-10-11",96.8
"2012-10-12",100.9
"2012-10-13",103.8
"2012-10-14",97.8
"2012-10-15",100.9
"2012-10-16",103.8
"2012-10-17",97.8
"2012-10-18",98.9
"2012-10-19",103.8
"2012-10-20",97.8
"2012-10-21",98.9
"2012-10-22",96.9
"2012-10-23",97.8
"2012-10-24",98.9
"2012-10-25",96.9
"2012-10-26",95.5
"2012-10-27",102.3
"2012-10-28",103.1
"2012-10-29",101.2
"2012-10-30",98.6
"2012-10-31",101.2
"2012-11-01",98.6
"2012-11-02",99.8
"2012-11-03",97.5
"2012-11-04",107.4
"2012-11-05",104.1
"2012-11-06",99.4
"2012-11-07",98.2
"2012-11-08",102.3
"2012-11-09",107.2
"2012-11-10",100.9
"2012-11-11",98.6
"2012-11-12",101.1
"2012-11-13",104.9
"2012-11-14",101.9
"2012-11-15",98.1
"2012-11-16",104.9
"2012-11-17",101.9
"2012-11-18",98.1
"2012-11-19",98.9
"2012-11-20",101.1
"2012-11-21",104.7
"2012-11-22",101.1
"2012-11-23",98.8
"2012-11-24",102.3
"2012-11-25",100.2
"2012-11-26",101.6
"2012-11-27",98.7
"2012-11-28",100.2
"2012-11-29",101.6
"2012-11-30",98.7
"2012-12-01",106.8
"2012-12-02",108.2
"2012-12-03",114.3
"2012-12-04",106.7
"2012-12-05",106.9
"2012-12-06",106.9
"2012-12-07",101.7
"2012-12-08",105.1
"2012-12-09",107.5
"2012-12-10",110.9
"2012-12-11",106.4
"2012-12-12",107.8
"2012-12-13",106.1
"2012-12-14",106.6
"2012-12-15",107.1
"2012-12-16",109.1
"2012-12-17",109.4
"2012-12-18",111.7
"2012-12-19",110.9
"2012-12-20",106.5
"2012-12-21",101.9
"2012-12-22",104.7
"2012-12-23",107.7
"2012-12-24",111.2
"2012-12-25",105.4
"2012-12-26",106.7
"2012-12-27",104.4
"2012-12-28",108.0
"2012-12-29",106.6
"2012-12-30",112.6
"2012-12-31",109.3
"2013-01-01",107.7
"2013-01-02",108.2
"2013-01-03",113.6
"2013-01-04",108.8
"2013-01-05",110.9
"2013-01-06",109.9
"2013-01-07",109.9
"2013-01-08",110.5
"2013-01-09",108.4
"2013-01-10",113.6
"2013-01-11",111.9
"2013-01-12",114.8
"2013-01-13",113.8
"2013-01-14",112.9
"2013-01-15",113.7
"2013-01-16",112.7
"2013-01-17",115.0
"2013-01-18",117.2
"2013-01-19",115.0
"2013-01-20",114.5
"2013-01-21",112.6
"2013-01-22",115.3
"2013-01-23",112.6
"2013-01-24",112.3
"2013-01-25",111.2
"2013-01-26",110.8
"2013-01-27",110.0
"2013-01-28",112.4
"2013-01-29",107.3
"2013-01-30",109.4
"2013-01-31",110.9
"2013-02-01",110.5
"2013-02-02",111.3
"2013-02-03",110.3
"2013-02-04",110.2
"2013-02-05",112.1
"2013-02-06",114.3
"2013-02-07",114.6
"2013-02-08",115.3
"2013-02-09",114.6
"2013-02-10",113.1
"2013-02-11",110.6
"2013-02-12",113.3
"2013-02-13",108.4
"2013-02-14",109.1
"2013-02-15",110.4
"2013-02-16",110.3
"2013-02-17",110.3
"2013-02-18",104.6
"2013-02-19",105.8
"2013-02-20",106.8
"2013-02-21",106.1
"2013-02-22",108.3
"2013-02-23",108.9
"2013-02-24",108.4
"2013-02-25",105.9
"2013-02-26",107.3
"2013-02-27",107.9
"2013-02-28",107.3
"2013-03-01",104.5
"2013-03-02",102.8
"2013-03-03",106.3
"2013-03-04",107.3
"2013-03-05",107.1
"2013-03-06",106.8
"2013-03-07",105.3
"2013-03-08",107.0
"2013-03-09",103.6
"2013-03-10",106.7
"2013-03-11",106.6
"2013-03-12",106.8
"2013-03-13",103.7
"2013-03-14",102.6
"2013-03-15",101.6
"2013-03-16",105.1
"2013-03-17",106.7
"2013-03-18",105.5
"2013-03-19",107.4
"2013-03-20",109.0
"2013-03-21",110.7
"2013-03-22",108.6
"2013-03-23",107.1
"2013-03-24",105.5
"2013-03-25",110.1
"2013-03-26",103.9
"2013-03-27",109.4
"2013-03-28",107.8
"2013-03-29",109.4
"2013-03-30",108.2
"2013-03-31",110.2
"2013-04-01",109.8
"2013-04-02",103.5
"2013-04-03",105.5
"2013-04-04",108.4
"2013-04-05",104.6
"2013-04-06",103.3
"2013-04-07",101.2
"2013-04-08",100.1
"2013-04-09",104.1
"2013-04-10",102.4
"2013-04-11",106.2
"2013-04-12",98.8
"2013-04-13",99.4
"2013-04-14",99.3
"2013-04-15",102.7
"2013-04-16",104.0
"2013-04-17",102.7
"2013-04-18",102.2
"2013-04-19",103.6
"2013-04-20",108.0
"2013-04-21",102.8
"2013-04-22",104.0
"2013-04-23",103.8
"2013-04-24",101.1
"2013-04-25",104.1
"2013-04-26",105.8
"2013-04-27",101.3
"2013-04-28",101.8
"2013-04-29",102.3
"2013-04-30",99.9
"2013-05-01",107.0
"2013-05-02",104.8
"2013-05-03",109.0
"2013-05-04",103.3
"2013-05-05",104.7
"2013-05-06",101.3
"2013-05-07",103.0
"2013-05-08",100.9
"2013-05-09",100.4
"2013-05-10",107.7
"2013-05-11",105.5
"2013-05-12",106.8
"2013-05-13",100.0
"2013-05-14",96.9
"2013-05-15",95.1
"2013-05-16",95.3
"2013-05-17",97.5
"2013-05-18",106.7
"2013-05-19",102.6
"2013-05-20",100.6
"2013-05-21",99.7
"2013-05-22",98.9
"2013-05-23",99.3
"2013-05-24",102.0
"2013-05-25",102.0
"2013-05-26",110.5
"2013-05-27",109.3
"2013-05-28",105.3
"2013-05-29",102.2
"2013-05-30",103.2
"2013-05-31",108.2
"2013-06-01",105.9
"2013-06-02",101.6
"2013-06-03",99.9
"2013-06-04",97.8
"2013-06-05",101.6
"2013-06-06",99.9
"2013-06-07",97.8
"2013-06-08",98.9
"2013-06-09",108.6
"2013-06-10",103.8
"2013-06-11",101.4
"2013-06-12",98.9
"2013-06-13",103.8
"2013-06-14",101.4
"2013-06-15",98.9
"2013-06-16",97.3
"2013-06-17",101.4
"2013-06-18",98.9
"2013-06-19",97.3
"2013-06-20",97.5
"2013-06-21",98.9
"2013-06-22",97.3
"2013-06-23",97.5
"2013-06-24",98.6
"2013-06-25",97.3
"2013-06-26",97.5
"2013-06-27",98.6
"2013-06-28",98.5
"2013-06-29",97.5
"2013-06-30",98.6
"2013-07-01",98.5
"2013-07-02",97.9
"2013-07-03",97.9
"2013-07-04",103.0
"2013-07-05",99.1
"2013-07-06",97.9
"2013-07-07",110.8
"2013-07-08",102.7
"2013-07-09",100.6
"2013-07-10",98.5
"2013-07-11",102.7
"2013-07-12",100.6
"2013-07-13",98.5
"2013-07-14",98.5
"2013-07-15",99.7
"2013-07-16",100.6
"2013-07-17",101.0
"2013-07-18",98.9
"2013-07-19",101.7
"2013-07-20",101.4
"2013-07-21",100.7
"2013-07-22",97.9
"2013-07-23",103.3
"2013-07-24",100.2
"2013-07-25",99.4
"2013-07-26",98.7
"2013-07-27",107.8
"2013-07-28",106.5
"2013-07-29",100.1
"2013-07-30",98.3
"2013-07-31",106.5
"2013-08-01",100.1
"2013-08-02",98.3
"2013-08-03",96.9
"2013-08-04",100.1
"2013-08-05",98.3
"2013-08-06",96.9
"2013-08-07",97.4
"2013-08-08",98.3
"2013-08-09",96.9
"2013-08-10",97.4
"2013-08-11",99.0
"2013-08-12",97.4
"2013-08-13",99.0
"2013-08-14",101.1
"2013-08-15",98.3
"2013-08-16",98.3
"2013-08-17",101.1
"2013-08-18",102.0
"2013-08-19",97.7
"2013-08-20",101.9
"2013-08-21",101.6
"2013-08-22",99.7
"2013-08-23",95.0
"2013-08-24",101.6
"2013-08-25",99.7
"2013-08-26",95.0
"2013-08-27",96.3
"2013-08-28",99.7
"2013-08-29",95.0
"2013-08-30",96.3
"2013-08-31",95.3
"2013-09-01",95.0
"2013-09-02",96.3
"2013-09-03",95.3
"2013-09-04",98.3
"2013-09-05",96.3
"2013-09-06",95.3
"2013-09-07",98.3
"2013-09-08",95.0
"2013-09-09",98.3
"2013-09-10",95.0
"2013-09-11",99.2
"2013-09-12",96.7
"2013-09-13",95.0
"2013-09-14",99.2
"2013-09-15",96.7
"2013-09-16",99.0
"2013-09-17",96.7
"2013-09-18",99.0
"2013-09-19",100.4
"2013-09-20",98.4
"2013-09-21",99.0
"2013-09-22",100.4
"2013-09-23",98.4
"2013-09-24",97.1
"2013-09-25",97.1
"2013-09-26",104.2
"2013-09-27",101.7
"2013-09-28",98.6
"2013-09-29",104.2
"2013-09-30",101.7
"2013-10-01",98.6
"2013-10-02",97.1
"2013-10-03",101.7
"2013-10-04",98.6
"2013-10-05",97.1
"2013-10-06",98.8
"2013-10-07",98.6
"2013-10-08",97.1
"2013-10-09",98.8
"2013-10-10",96.8
"2013-10-11",96.8
"2013-10-12",100.9
"2013-10-13",103.8
"2013-10-14",97.8
"2013-10-15",100.9
"2013-10-16",103.8
"2013-10-17",97.8
"2013-10-18",98.9
"2013-10-19",103.8
"2013-10-20",97.8
"2013-10-21",98.9
"2013-10-22",96.9
"2013-10-23",97.8
"2013-10-24",98.9
"2013-10-25",96.9
"2013-10-26",95.5
"2013-10-27",102.3
"2013-10-28",103.1
"2013-10-29",101.2
"2013-10-30",98.6
"2013-10-31",101.2
"2013-11-01",98.6
"2013-11-02",99.8
"2013-11-03",97.5
"2013-11-04",107.4
"2013-11-05",104.1
"2013-11-06",99.4
"2013-11-07",98.2
"2013-11-08",102.3
"2013-11-09",107.2
"2013-11-10",100.9
"2013-11-11",98.6
"2013-11-12",101.1
"2013-11-13",104.9
"2013-11-14",101.9
"2013-11-15",98.1
"2013-11-16",104.9
"2013-11-17",101.9
"2013-11-18",98.1
"2013-11-19",98.9
"2013-11-20",101.1
"2013-11-21",104.7
"2013-11-22",101.1
"2013-11-23",98.8
"2013-11-24",102.3
"2013-11-25",100.2
"2013-11-26",101.6
"2013-11-27",98.7
"2013-11-28",100.2
"2013-11-29",101.6
"2013-11-30",98.7
"2013-12-01",107.5
"2013-12-02",106.9
"2013-12-03",104.8
"2013-12-04",107.2
"2013-12-05",105.3
"2013-12-06",105.4
"2013-12-07",106.7
"2013-12-08",108.8
"2013-12-09",106.6
"2013-12-10",107.5
"2013-12-11",109.1
"2013-12-12",110.1
"2013-12-13",110.3
"2013-12-14",109.1
"2013-12-15",109.0
"2013-12-16",110.2
"2013-12-17",111.7
"2013-12-18",112.6
"2013-12-19",110.7
"2013-12-20",110.2
"2013-12-21",109.5
"2013-12-22",111.2
"2013-12-23",112.7
"2013-12-24",112.1
"2013-12-25",113.3
"2013-12-26",109.2
"2013-12-27",109.2
"2013-12-28",107.6
"2013-12-29",107.5
"2013-12-30",109.6
"2013-12-31",108.6
"2014-01-01",107.8
"2014-01-02",109.7
"2014-01-03",105.7
"2014-01-04",106.9
"2014-01-05",110.4
"2014-01-06",110.9
"2014-01-07",109.5
"2014-01-08",107.2
"2014-01-09",109.0
"2014-01-10",111.4
"2014-01-11",112.1
"2014-01-12",111.0
"2014-01-13",111.0
"2014-01-14",111.9
"2014-01-15",115.3
"2014-01-16",115.0
"2014-01-17",115.3
"2014-01-18",114.3
"2014-01-19",114.5
"2014-01-20",111.9
"2014-01-21",109.6
"2014-01-22",110.8
"2014-01-23",111.4
"2014-01-24",108.8
"2014-01-25",109.7
"2014-01-26",109.5
"2014-01-27",112.2
"2014-01-28",110.1
"2014-01-29",112.7
"2014-01-30",112.6
"2014-01-31",111.4
"2014-02-01",110.5
"2014-02-02",107.9
"2014-02-03",108.6
"2014-02-04",109.2
"2014-02-05",108.1
"2014-02-06",106.5
"2014-02-07",104.7
"2014-02-08",107.8
"2014-02-09",108.2
"2014-02-10",109.2
"2014-02-11",110.1
"2014-02-12",109.5
"2014-02-13",108.3
"2014-02-14",111.1
"2014-02-15",108.7
"2014-02-16",109.8
"2014-02-17",108.7
"2014-02-18",110.0
"2014-02-19",108.5
"2014-02-20",110.4
"2014-02-21",105.7
"2014-02-22",104.4
"2014-02-23",106.6
"2014-02-24",106.6
"2014-02-25",109.9
"2014-02-26",108.8
"2014-02-27",108.0
"2014-02-28",105.9
"2014-03-01",106.9
"2014-03-02",108.5
"2014-03-03",109.1
"2014-03-04",107.6
"2014-03-05",109.5
"2014-03-06",105.8
"2014-03-07",105.3
"2014-03-08",105.3
"2014-03-09",109.7
"2014-03-10",108.0
"2014-03-11",103.1
"2014-03-12",106.4
"2014-03-13",107.1
"2014-03-14",108.3
"2014-03-15",109.1
"2014-03-16",110.4
"2014-03-17",107.9
"2014-03-18",104.7
"2014-03-19",106.4
"2014-03-20",105.4
"2014-03-21",105.3
"2014-03-22",101.6
"2014-03-23",103.8
"2014-03-24",105.3
"2014-03-25",104.8
"2014-03-26",107.4
"2014-03-27",106.3
"2014-03-28",107.5
"2014-03-29",107.3
"2014-03-30",103.2
"2014-03-31",102.7
"2014-04-01",102.4
"2014-04-02",105.7
"2014-04-03",105.4
"2014-04-04",105.6
"2014-04-05",101.2
"2014-04-06",102.1
"2014-04-07",103.7
"2014-04-08",103.7
"2014-04-09",103.8
"2014-04-10",106.4
"2014-04-11",102.2
"2014-04-12",104.3
"2014-04-13",99.3
"2014-04-14",100.8
"2014-04-15",103.1
"2014-04-16",108.5
"2014-04-17",103.9
"2014-04-18",100.6
"2014-04-19",100.4
"2014-04-20",103.5
"2014-04-21",102.4
"2014-04-22",106.5
"2014-04-23",105.3
"2014-04-24",102.7
"2014-04-25",104.8
"2014-04-26",110.5
"2014-04-27",103.9
"2014-04-28",101.5
"2014-04-29",99.7
"2014-04-30",99.9
"2014-05-01",110.7
"2014-05-02",111.8
"2014-05-03",110.8
"2014-05-04",110.0
"2014-05-05",110.6
"2014-05-06",107.2
"2014-05-07",105.1
"2014-05-08",109.5
"2014-05-09",106.1
"2014-05-10",111.6
"2014-05-11",110.4
"2014-05-12",106.6
"2014-05-13",106.2
"2014-05-14",107.5
"2014-05-15",106.2
"2014-05-16",105.5
"2014-05-17",99.8
"2014-05-18",106.7
"2014-05-19",103.7
"2014-05-20",107.2
"2014-05-21",104.0
"2014-05-22",100.2
"2014-05-23",97.5
"2014-05-24",98.3
"2014-05-25",100.8
"2014-05-26",98.3
"2014-05-27",99.3
"2014-05-28",101.1
"2014-05-29",105.6
"2014-05-30",103.8
"2014-05-31",101.8
"2014-06-01",105.9
"2014-06-02",101.6
"2014-06-03",99.9
"2014-06-04",97.8
"2014-06-05",101.6
"2014-06-06",99.9
"2014-06-07",97.8
"2014-06-08",98.9
"2014-06-09",108.6
"2014-06-10",103.8
"2014-06-11",101.4
"2014-06-12",98.9
"2014-06-13",103.8
"2014-06-14",101.4
"2014-06-15",98.9
"2014-06-16",97.3
"2014-06-17",101.4
"2014-06-18",98.9
"2014-06-19",97.3
"2014-06-20",97.5
"2014-06-21",98.9
"2014-06-22",97.3
"2014-06-23",97.5
"2014-06-24",98.6
"2014-06-25",97.3
"2014-06-26",97.5
"2014-06-27",98.6
"2014-06-28",98.5
"2014-06-29",97.5
"2014-06-30",98.6
"2014-07-01",98.5
"2014-07-02",97.9
"2014-07-03",97.9
"2014-07-04",103.0
"2014-07-05",99.1
"2014-07-06",97.9
"2014-07-07",110.8
"2014-07-08",102.7
"2014-07-09",100.6
"2014-07-10",98.5
"2014-07-11",102.7
"2014-07-12",100.6
"2014-07-13",98.5
"2014-07-14",98.5
"2014-07-15",99.7
"2014-07-16",100.6
"2014-07-17",101.0
"2014-07-18",98.9
"2014-07-19",101.7
"2014-07-20",101.4
"2014-07-21",100.7
"2014-07-22",97.9
"2014-07-23",103.3
"2014-07-24",100.2
"2014-07-25",99.4
"2014-07-26",98.7
"2014-07-27",107.8
"2014-07-28",106.5
"2014-07-29",100.1
"2014-07-30",98.3
"2014-07-31",106.5
"2014-08-01",100.1
"2014-08-02",98.3
"2014-08-03",96.9
"2014-08-04",100.1
"2014-08-05",98.3
"2014-08-06",96.9
"2014-08-07",97.4
"2014-08-08",98.3
"2014-08-09",96.9
"2014-08-10",97.4
"2014-08-11",99.0
"2014-08-12",97.4
"2014-08-13",99.0
"2014-08-14",101.1
"2014-08-15",98.3
"2014-08-16",98.3
"2014-08-17",101.1
"2014-08-18",102.0
"2014-08-19",97.7
"2014-08-20",101.9
"2014-08-21",101.6
"2014-08-22",99.7
"2014-08-23",95.0
"2014-08-24",101.6
"2014-08-25",99.7
"2014-08-26",95.0
"2014-08-27",96.3
"2014-08-28",99.7
"2014-08-29",95.0
"2014-08-30",96.3
"2014-08-31",95.3
"2014-09-01",95.0
"2014-09-02",96.3
"2014-09-03",95.3
"2014-09-04",98.3
"2014-09-05",96.3
"2014-09-06",95.3
"2014-09-07",98.3
"2014-09-08",95.0
"2014-09-09",98.3
"2014-09-10",95.0
"2014-09-11",99.2
"2014-09-12",96.7
"2014-09-13",95.0
"2014-09-14",99.2
"2014-09-15",96.7
"2014-09-16",99.0
"2014-09-17",96.7
"2014-09-18",99.0
"2014-09-19",100.4
"2014-09-20",98.4
"2014-09-21",99.0
"2014-09-22",100.4
"2014-09-23",98.4
"2014-09-24",97.1
"2014-09-25",97.1
"2014-09-26",104.2
"2014-09-27",101.7
"2014-09-28",98.6
"2014-09-29",104.2
"2014-09-30",101.7
"2014-10-01",98.6
"2014-10-02",97.1
"2014-10-03",101.7
"2014-10-04",98.6
"2014-10-05",97.1
"2014-10-06",98.8
"2014-10-07",98.6
"2014-10-08",97.1
"2014-10-09",98.8
"2014-10-10",96.8
"2014-10-11",96.8
"2014-10-12",100.9
"2014-10-13",103.8
"2014-10-14",97.8
"2014-10-15",100.9
"2014-10-16",103.8
"2014-10-17",97.8
"2014-10-18",98.9
"2014-10-19",103.8
"2014-10-20",97.8
"2014-10-21",98.9
"2014-10-22",96.9
"2014-10-23",97.8
"2014-10-24",98.9
"2014-10-25",96.9
"2014-10-26",95.5
"2014-10-27",102.3
"2014-10-28",103.1
"2014-10-29",101.2
"2014-10-30",98.6
"2014-10-31",101.2
"2014-11-01",98.6
"2014-11-02",99.8
"2014-11-03",97.5
"2014-11-04",107.4
"2014-11-05",104.1
"2014-11-06",99.4
"2014-11-07",98.2
"2014-11-08",102.3
"2014-11-09",107.2
"2014-11-10",100.9
"2014-11-11",98.6
"2014-11-12",101.1
"2014-11-13",104.9
"2014-11-14",101.9
"2014-11-15",98.1
"2014-11-16",104.9
"2014-11-17",101.9
"2014-11-18",98.1
"2014-11-19",98.9
"2014-11-20",101.1
"2014-11-21",104.7
"2014-11-22",101.1
"2014-11-23",98.8
"2014-11-24",102.3
"2014-11-25",100.2
"2014-11-26",101.6
"2014-11-27",98.7
"2014-11-28",100.2
"2014-11-29",101.6
"2014-11-30",98.7
"2014-12-01",106.9
"2014-12-02",109.6
"2014-12-03",108.2
"2014-12-04",109.7
"2014-12-05",111.8
"2014-12-06",111.8
"2014-12-07",106.7
"2014-12-08",109.0
"2014-12-09",109.7
"2014-12-10",112.1
"2014-12-11",109.7
"2014-12-12",108.6
"2014-12-13",108.9
"2014-12-14",110.8
"2014-12-15",106.9
"2014-12-16",106.3
"2014-12-17",107.6
"2014-12-18",107.2
"2014-12-19",109.1
"2014-12-20",108.7
"2014-12-21",108.3
"2014-12-22",104.2
"2014-12-23",104.3
"2014-12-24",108.2
"2014-12-25",107.9
"2014-12-26",108.9
"2014-12-27",110.1
"2014-12-28",108.4
"2014-12-29",109.4
"2014-12-30",109.7
"2014-12-31",112.9
"2015-01-01",107.4
"2015-01-02",105.9
"2015-01-03",108.0
"2015-01-04",109.7
"2015-01-05",111.4
"2015-01-06",108.8
"2015-01-07",112.1
"2015-01-08",111.4
"2015-01-09",108.4
"2015-01-10",109.0
"2015-01-11",108.8
"2015-01-12",108.7
"2015-01-13",108.6
"2015-01-14",109.0
"2015-01-15",110.1
"2015-01-16",111.1
"2015-01-17",111.2
"2015-01-18",112.4
"2015-01-19",111.9
"2015-01-20",112.6
"2015-01-21",110.7
"2015-01-22",112.1
"2015-01-23",108.8
"2015-01-24",109.6
"2015-01-25",110.8
"2015-01-26",110.8
"2015-01-27",111.7
"2015-01-28",108.1
"2015-01-29",109.1
"2015-01-30",109.9
"2015-01-31",108.6
"2015-02-01",108.8
"2015-02-02",110.6
"2015-02-03",109.6
"2015-02-04",108.1
"2015-02-05",109.7
"2015-02-06",108.6
"2015-02-07",111.1
"2015-02-08",111.8
"2015-02-09",109.9
"2015-02-10",106.6
"2015-02-11",108.2
"2015-02-12",108.8
"2015-02-13",108.7
"2015-02-14",108.6
"2015-02-15",108.2
"2015-02-16",108.9
"2015-02-17",107.9
"2015-02-18",106.6
"2015-02-19",103.9
"2015-02-20",110.7
"2015-02-21",108.3
"2015-02-22",108.3
"2015-02-23",110.2
"2015-02-24",110.8
"2015-02-25",110.7
"2015-02-26",109.9
"2015-02-27",113.2
"2015-02-28",112.3
"2015-03-01",109.3
"2015-03-02",108.3
"2015-03-03",107.8
"2015-03-04",107.6
"2015-03-05",106.1
"2015-03-06",106.8
"2015-03-07",108.6
"2015-03-08",110.7
"2015-03-09",110.0
"2015-03-10",109.7
"2015-03-11",108.9
"2015-03-12",108.5
"2015-03-13",107.1
"2015-03-14",103.7
"2015-03-15",103.0
"2015-03-16",104.7
"2015-03-17",105.6
"2015-03-18",107.4
"2015-03-19",107.7
"2015-03-20",107.6
"2015-03-21",106.7
"2015-03-22",113.9
"2015-03-23",111.9
"2015-03-24",116.5
"2015-03-25",113.1
"2015-03-26",114.1
"2015-03-27",108.7
"2015-03-28",107.6
"2015-03-29",106.3
"2015-03-30",108.8
"2015-03-31",103.5
"2015-04-01",102.6
"2015-04-02",103.3
"2015-04-03",104.7
"2015-04-04",107.3
"2015-04-05",105.1
"2015-04-06",106.2
"2015-04-07",110.1
"2015-04-08",105.6
"2015-04-09",108.3
"2015-04-10",103.4
"2015-04-11",103.3
"2015-04-12",104.9
"2015-04-13",105.7
"2015-04-14",105.7
"2015-04-15",104.6
"2015-04-16",106.2
"2015-04-17",100.1
"2015-04-18",100.6
"2015-04-19",106.6
"2015-04-20",106.8
"2015-04-21",102.9
"2015-04-22",103.7
"2015-04-23",100.8
"2015-04-24",102.8
"2015-04-25",101.4
"2015-04-26",105.0
"2015-04-27",104.7
"2015-04-28",101.2
"2015-04-29",103.3
"2015-04-30",104.8
"2015-05-01",103.8
"2015-05-02",105.6
"2015-05-03",100.5
"2015-05-04",98.4
"2015-05-05",99.4
"2015-05-06",98.7
"2015-05-07",101.2
"2015-05-08",107.1
"2015-05-09",107.0
"2015-05-10",103.3
"2015-05-11",103.1
"2015-05-12",102.9
"2015-05-13",104.6
"2015-05-14",100.8
"2015-05-15",105.4
"2015-05-16",101.4
"2015-05-17",101.7
"2015-05-18",101.9
"2015-05-19",103.1
"2015-05-20",105.3
"2015-05-21",108.6
"2015-05-22",102.6
"2015-05-23",99.8
"2015-05-24",98.9
"2015-05-25",95.3
"2015-05-26",96.8
"2015-05-27",97.9
"2015-05-28",100.1
"2015-05-29",105.0
"2015-05-30",104.3
"2015-05-31",103.1
"2015-06-01",105.9
"2015-06-02",101.6
"2015-06-03",99.9
"2015-06-04",97.8
"2015-06-05",101.6
"2015-06-06",99.9
"2015-06-07",97.8
"2015-06-08",98.9
"2015-06-09",108.6
"2015-06-10",103.8
"2015-06-11",101.4
"2015-06-12",98.9
"2015-06-13",103.8
"2015-06-14",101.4
"2015-06-15",98.9
"2015-06-16",97.3
"2015-06-17",101.4
"2015-06-18",98.9
"2015-06-19",97.3
"2015-06-20",97.5
"2015-06-21",98.9
"2015-06-22",97.3
"2015-06-23",97.5
"2015-06-24",98.6
"2015-06-25",97.3
"2015-06-26",97.5
"2015-06-27",98.6
"2015-06-28",98.5
"2015-06-29",97.5
"2015-06-30",98.6
"2015-07-01",98.5
"2015-07-02",97.9
"2015-07-03",97.9
"2015-07-04",103.0
"2015-07-05",99.1
"2015-07-06",97.9
"2015-07-07",110.8
"2015-07-08",102.7
"2015-07-09",100.6
"2015-07-10",98.5
"2015-07-11",102.7
"2015-07-12",100.6
"2015-07-13",98.5
"2015-07-14",98.5
"2015-07-15",99.7
"2015-07-16",100.6
"2015-07-17",101.0
"2015-07-18",98.9
"2015-07-19",101.7
"2015-07-20",101.4
"2015-07-21",100.7
"2015-07-22",97.9
"2015-07-23",103.3
"2015-07-24",100.2
"2015-07-25",99.4
"2015-07-26",98.7
"2015-07-27",107.8
"2015-07-28",106.5
"2015-07-29",100.1
"2015-07-30",98.3
"2015-07-31",106.5
"2015-08-01",100.1
"2015-08-02",98.3
"2015-08-03",96.9
"2015-08-04",100.1
"2015-08-05",98.3
"2015-08-06",96.9
"2015-08-07",97.4
"2015-08-08",98.3
"2015-08-09",96.9
"2015-08-10",97.4
"2015-08-11",99.0
"2015-08-12",97.4
"2015-08-13",99.0
"2015-08-14",101.1
"2015-08-15",98.3
"2015-08-16",98.3
"2015-08-17",101.1
"2015-08-18",102.0
"2015-08-19",97.7
"2015-08-20",101.9
"2015-08-21",101.6
"2015-08-22",99.7
"2015-08-23",95.0
"2015-08-24",101.6
"2015-08-25",99.7
"2015-08-26",95.0
"2015-08-27",96.3
"2015-08-28",99.7
"2015-08-29",95.0
"2015-08-30",96.3
"2015-08-31",95.3
"2015-09-01",95.0
"2015-09-02",96.3
"2015-09-03",95.3
"2015-09-04",98.3
"2015-09-05",96.3
"2015-09-06",95.3
"2015-09-07",98.3
"2015-09-08",95.0
"2015-09-09",98.3
"2015-09-10",95.0
"2015-09-11",99.2
"2015-09-12",96.7
"2015-09-13",95.0
"2015-09-14",99.2
"2015-09-15",96.7
"2015-09-16",99.0
"2015-09-17",96.7
"2015-09-18",99.0
"2015-09-19",100.4
"2015-09-20",98.4
"2015-09-21",99.0
"2015-09-22",100.4
"2015-09-23",98.4
"2015-09-24",97.1
"2015-09-25",97.1
"2015-09-26",104.2
"2015-09-27",101.7
"2015-09-28",98.6
"2015-09-29",104.2
"2015-09-30",101.7
"2015-10-01",98.6
"2015-10-02",97.1
"2015-10-03",101.7
"2015-10-04",98.6
"2015-10-05",97.1
"2015-10-06",98.8
"2015-10-07",98.6
"2015-10-08",97.1
"2015-10-09",98.8
"2015-10-10",96.8
"2015-10-11",96.8
"2015-10-12",100.9
"2015-10-13",103.8
"2015-10-14",97.8
"2015-10-15",100.9
"2015-10-16",103.8
"2015-10-17",97.8
"2015-10-18",98.9
"2015-10-19",103.8
"2015-10-20",97.8
"2015-10-21",98.9
"2015-10-22",96.9
"2015-10-23",97.8
"2015-10-24",98.9
"2015-10-25",96.9
"2015-10-26",95.5
"2015-10-27",102.3
"2015-10-28",103.1
"2015-10-29",101.2
"2015-10-30",98.6
"2015-10-31",101.2
"2015-11-01",98.6
"2015-11-02",99.8
"2015-11-03",97.5
"2015-11-04",107.4
"2015-11-05",104.1
"2015-11-06",99.4
"2015-11-07",98.2
"2015-11-08",102.3
"2015-11-09",107.2
"2015-11-10",100.9
"2015-11-11",98.6
"2015-11-12",101.1
"2015-11-13",104.9
"2015-11-14",101.9
"2015-11-15",98.1
"2015-11-16",104.9
"2015-11-17",101.9
"2015-11-18",98.1
"2015-11-19",98.9
"2015-11-20",101.1
"2015-11-21",104.7
"2015-11-22",101.1
"2015-11-23",98.8
"2015-11-24",102.3
"2015-11-25",100.2
"2015-11-26",101.6
"2015-11-27",98.7
"2015-11-28",100.2
"2015-11-29",101.6
"2015-11-30",98.7
"2015-12-01",111.6
"2015-12-02",109.9
"2015-12-03",107.3
"2015-12-04",107.8
"2015-12-05",110.2
"2015-12-06",112.3
"2015-12-07",109.2
"2015-12-08",109.3
"2015-12-09",108.4
"2015-12-10",107.8
"2015-12-11",108.3
"2015-12-12",109.8
"2015-12-13",107.9
"2015-12-14",110.4
"2015-12-15",107.6
"2015-12-16",109.4
"2015-12-17",106.2
"2015-12-18",104.5
"2015-12-19",106.2
"2015-12-20",106.8
"2015-12-21",109.1
"2015-12-22",107.3
"2015-12-23",106.9
"2015-12-24",105.8
"2015-12-25",108.3
"2015-12-26",108.4
"2015-12-27",108.9
"2015-12-28",109.1
"2015-12-29",112.4
"2015-12-30",111.6
"2015-12-31",110.9
"2016-01-01",113.3
"2016-01-02",112.1
"2016-01-03",112.9
"2016-01-04",116.7
"2016-01-05",111.9
"2016-01-06",116.1
"2016-01-07",116.1
"2016-01-08",116.7
"2016-01-09",113.8
"2016-01-10",110.4
"2016-01-11",111.9
"2016-01-12",114.5
"2016-01-13",109.3
"2016-01-14",112.3
"2016-01-15",109.3
"2016-01-16",110.1
"2016-01-17",110.1
"2016-01-18",108.8
"2016-01-19",110.8
"2016-01-20",112.8
"2016-01-21",115.0
"2016-01-22",112.5
"2016-01-23",113.4
"2016-01-24",115.3
"2016-01-25",111.6
"2016-01-26",111.0
"2016-01-27",113.8
"2016-01-28",113.1
"2016-01-29",112.1
"2016-01-30",112.1
"2016-01-31",114.0
"2016-02-01",114.6
"2016-02-02",113.9
"2016-02-03",114.1
"2016-02-04",113.3
"2016-02-05",111.4
"2016-02-06",111.3
"2016-02-07",110.3
"2016-02-08",110.9
"2016-02-09",109.8
"2016-02-10",111.7
"2016-02-11",109.3
"2016-02-12",109.8
"2016-02-13",108.4
"2016-02-14",107.9
"2016-02-15",108.4
"2016-02-16",110.9
"2016-02-17",107.9
"2016-02-18",109.2
"2016-02-19",109.3
"2016-02-20",107.8
"2016-02-21",110.7
"2016-02-22",110.4
"2016-02-23",110.5
"2016-02-24",109.7
"2016-02-25",108.0
"2016-02-26",108.2
"2016-02-27",105.9
"2016-02-28",105.4
"2016-02-29",108.2
"2016-03-01",108.6
"2016-03-02",108.6
"2016-03-03",109.4
"2016-03-04",109.4
"2016-03-05",109.0
"2016-03-06",111.5
"2016-03-07",112.2
"2016-03-08",108.8
"2016-03-09",108.1
"2016-03-10",108.3
"2016-03-11",108.3
"2016-03-12",110.8
"2016-03-13",109.5
"2016-03-14",108.2
"2016-03-15",107.5
"2016-03-16",107.6
"2016-03-17",110.2
"2016-03-18",108.2
"2016-03-19",105.3
"2016-03-20",105.8
"2016-03-21",106.1
"2016-03-22",106.0
"2016-03-23",107.1
"2016-03-24",108.7
"2016-03-25",107.8
"2016-03-26",108.2
"2016-03-27",107.4
"2016-03-28",107.2
"2016-03-29",108.2
"2016-03-30",113.1
"2016-03-31",113.0
"2016-04-01",109.7
"2016-04-02",111.7
"2016-04-03",109.7
"2016-04-04",105.8
"2016-04-05",104.3
"2016-04-06",107.7
"2016-04-07",108.8
"2016-04-08",108.3
"2016-04-09",103.8
"2016-04-10",102.4
"2016-04-11",106.8
"2016-04-12",110.5
"2016-04-13",108.8
"2016-04-14",111.9
"2016-04-15",113.3
"2016-04-16",112.9
"2016-04-17",109.8
"2016-04-18",111.5
"2016-04-19",108.7
"2016-04-20",106.7
"2016-04-21",107.9
"2016-04-22",109.8
"2016-04-23",109.3
"2016-04-24",103.7
"2016-04-25",99.3
"2016-04-26",99.5
"2016-04-27",102.8
"2016-04-28",108.4
"2016-04-29",105.0
"2016-04-30",102.8
"2016-05-01",110.4
"2016-05-02",109.8
"2016-05-03",108.0
"2016-05-04",107.1
"2016-05-05",110.0
"2016-05-06",104.5
"2016-05-07",105.4
"2016-05-08",110.3
"2016-05-09",106.7
"2016-05-10",108.6
"2016-05-11",108.1
"2016-05-12",103.4
"2016-05-13",107.9
"2016-05-14",108.0
"2016-05-15",107.9
"2016-05-16",103.2
"2016-05-17",106.7
"2016-05-18",105.3
"2016-05-19",110.1
"2016-05-20",109.9
"2016-05-21",107.0
"2016-05-22",101.1
"2016-05-23",105.5
"2016-05-24",104.8
"2016-05-25",106.8
"2016-05-26",104.4
"2016-05-27",106.1
"2016-05-28",104.5
"2016-05-29",108.6
"2016-05-30",106.3
"2016-05-31",104.3
"2016-06-01",105.9
"2016-06-02",101.6
"2016-06-03",99.9
"2016-06-04",97.8
"2016-06-05",101.6
"2016-06-06",99.9
"2016-06-07",97.8
"2016-06-08",98.9
"2016-06-09",108.6
"2016-06-10",103.8
"2016-06-11",101.4
"2016-06-12",98.9
"2016-06-13",103.8
"2016-06-14",101.4
"2016-06-15",98.9
"2016-06-16",97.3
"2016-06-17",101.4
"2016-06-18",98.9
"2016-06-19",97.3
"2016-06-20",97.5
"2016-06-21",98.9
"2016-06-22",97.3
"2016-06-23",97.5
"2016-06-24",98.6
"2016-06-25",97.3
"2016-06-26",97.5
"2016-06-27",98.6
"2016-06-28",98.5
"2016-06-29",97.5
"2016-06-30",98.6
"2016-07-01",98.5
"2016-07-02",97.9
"2016-07-03",97.9
"2016-07-04",103.0
"2016-07-05",99.1
"2016-07-06",97.9
"2016-07-07",110.8
"2016-07-08",102.7
"2016-07-09",100.6
"2016-07-10",98.5
"2016-07-11",102.7
"2016-07-12",100.6
"2016-07-13",98.5
"2016-07-14",98.5
"2016-07-15",99.7
"2016-07-16",100.6
"2016-07-17",101.0
"2016-07-18",98.9
"2016-07-19",101.7
"2016-07-20",101.4
"2016-07-21",100.7
"2016-07-22",97.9
"2016-07-23",103.3
"2016-07-24",100.2
"2016-07-25",99.4
"2016-07-26",98.7
"2016-07-27",107.8
"2016-07-28",106.5
"2016-07-29",100.1
"2016-07-30",98.3
"2016-07-31",106.5
"2016-08-01",100.1
"2016-08-02",98.3
"2016-08-03",96.9
"2016-08-04",100.1
"2016-08-05",98.3
"2016-08-06",96.9
"2016-08-07",97.4
"2016-08-08",98.3
"2016-08-09",96.9
"2016-08-10",97.4
"2016-08-11",99.0
"2016-08-12",97.4
"2016-08-13",99.0
"2016-08-14",101.1
"2016-08-15",98.3
"2016-08-16",98.3
"2016-08-17",101.1
"2016-08-18",102.0
"2016-08-19",97.7
"2016-08-20",101.9
"2016-08-21",101.6
"2016-08-22",99.7
"2016-08-23",95.0
"2016-08-24",101.6
"2016-08-25",99.7
"2016-08-26",95.0
"2016-08-27",96.3
"2016-08-28",99.7
"2016-08-29",95.0
"2016-08-30",96.3
"2016-08-31",95.3
"2016-09-01",95.0
"2016-09-02",96.3
"2016-09-03",95.3
"2016-09-04",98.3
"2016-09-05",96.3
"2016-09-06",95.3
"2016-09-07",98.3
"2016-09-08",95.0
"2016-09-09",98.3
"2016-09-10",95.0
"2016-09-11",99.2
"2016-09-12",96.7
"2016-09-13",95.0
"2016-09-14",99.2
"2016-09-15",96.7
"2016-09-16",99.0
"2016-09-17",96.7
"2016-09-18",99.0
"2016-09-19",100.4
"2016-09-20",98.4
"2016-09-21",99.0
"2016-09-22",100.4
"2016-09-23",98.4
"2016-09-24",97.1
"2016-09-25",97.1
"2016-09-26",104.2
"2016-09-27",101.7
"2016-09-28",98.6
"2016-09-29",104.2
"2016-09-30",101.7
"2016-10-01",98.6
"2016-10-02",97.1
"2016-10-03",101.7
"2016-10-04",98.6
"2016-10-05",97.1
"2016-10-06",98.8
"2016-10-07",98.6
"2016-10-08",97.1
"2016-10-09",98.8
"2016-10-10",96.8
"2016-10-11",96.8
"2016-10-12",100.9
"2016-10-13",103.8
"2016-10-14",97.8
"2016-10-15",100.9
"2016-10-16",103.8
"2016-10-17",97.8
"2016-10-18",98.9
"2016-10-19",103.8
"2016-10-20",97.8
"2016-10-21",98.9
"2016-10-22",96.9
"2016-10-23",97.8
"2016-10-24",98.9
"2016-10-25",96.9
"2016-10-26",95.5
"2016-10-27",102.3
"2016-10-28",103.1
"2016-10-29",101.2
"2016-10-30",98.6
"2016-10-31",101.2
"2016-11-01",98.6
"2016-11-02",99.8
"2016-11-03",97.5
"2016-11-04",107.4
"2016-11-05",104.1
"2016-11-06",99.4
"2016-11-07",98.2
"2016-11-08",102.3
"2016-11-09",107.2
"2016-11-10",100.9
"2016-11-11",98.6
"2016-11-12",101.1
"2016-11-13",104.9
"2016-11-14",101.9
"2016-11-15",98.1
"2016-11-16",104.9
"2016-11-17",101.9
"2016-11-18",98.1
"2016-11-19",98.9
"2016-11-20",101.1
"2016-11-21",104.7
"2016-11-22",101.1
"2016-11-23",98.8
"2016-11-24",102.3
"2016-11-25",100.2
"2016-11-26",101.6
"2016-11-27",98.7
"2016-11-28",100.2
"2016-11-29",101.6
"2016-11-30",98.7
"2016-12-01",109.5
"2016-12-02",109.9
"2016-12-03",111.9
"2016-12-04",111.9
"2016-12-05",110.1
"2016-12-06",106.8
"2016-12-07",106.7
"2016-12-08",109.1
"2016-12-09",113.6
"2016-12-10",108.2
"2016-12-11",111.9
"2016-12-12",109.1
"2016-12-13",107.7
"2016-12-14",105.8
"2016-12-15",109.2
"2016-12-16",110.9
"2016-12-17",112.7
"2016-12-18",113.3
"2016-12-19",108.7
"2016-12-20",107.4
"2016-12-21",108.9
"2016-12-22",108.3
"2016-12-23",105.8
"2016-12-24",107.7
"2016-12-25",107.3
"2016-12-26",111.5
"2016-12-27",108.2
"2016-12-28",109.3
"2016-12-29",112.4
"2016-12-30",110.8
"2016-12-31",112.3
"2017-01-01",111.3
"2017-01-02",108.0
"2017-01-03",108.9
"2017-01-04",108.0
"2017-01-05",105.2
"2017-01-06",108.6
"2017-01-07",109.2
"2017-01-08",112.4
"2017-01-09",115.6
"2017-01-10",111.5
"2017-01-11",109.7
"2017-01-12",109.9
"2017-01-13",113.8
"2017-01-14",110.0
"2017-01-15",108.2
"2017-01-16",109.8
"2017-01-17",110.0
"2017-01-18",109.3
"2017-01-19",110.6
"2017-01-20",110.3
"2017-01-21",111.7
"2017-01-22",110.6
"2017-01-23",111.6
"2017-01-24",113.9
"2017-01-25",112.8
"2017-01-26",113.3
"2017-01-27",113.8
"2017-01-28",116.4
"2017-01-29",113.6
"2017-01-30",112.1
"2017-01-31",110.2
"2017-02-01",109.9
"2017-02-02",110.2
"2017-02-03",108.4
"2017-02-04",113.9
"2017-02-05",107.7
"2017-02-06",107.4
"2017-02-07",108.5
"2017-02-08",109.7
"2017-02-09",112.3
"2017-02-10",109.2
"2017-02-11",109.1
"2017-02-12",108.8
"2017-02-13",110.5
"2017-02-14",111.8
"2017-02-15",111.7
"2017-02-16",110.4
"2017-02-17",111.8
"2017-02-18",105.5
"2017-02-19",106.8
"2017-02-20",109.0
"2017-02-21",112.9
"2017-02-22",113.9
"2017-02-23",116.1
"2017-02-24",117.4
"2017-02-25",115.7
"2017-02-26",115.9
"2017-02-27",115.0
"2017-02-28",112.7
"2017-03-01",114.9
"2017-03-02",115.5
"2017-03-03",109.5
"2017-03-04",106.3
"2017-03-05",104.6
"2017-03-06",103.4
"2017-03-07",106.4
"2017-03-08",105.2
"2017-03-09",107.5
"2017-03-10",103.8
"2017-03-11",103.1
"2017-03-12",101.4
"2017-03-13",103.2
"2017-03-14",110.9
"2017-03-15",107.2
"2017-03-16",105.6
"2017-03-17",106.7
"2017-03-18",107.2
"2017-03-19",108.0
"2017-03-20",107.3
"2017-03-21",107.0
"2017-03-22",108.1
"2017-03-23",108.0
"2017-03-24",112.6
"2017-03-25",109.3
"2017-03-26",113.7
"2017-03-27",109.6
"2017-03-28",105.8
"2017-03-29",106.6
"2017-03-30",104.7
"2017-03-31",105.8
"2017-04-01",106.2
"2017-04-02",102.9
"2017-04-03",103.7
"2017-04-04",104.7
"2017-04-05",103.4
"2017-04-06",107.1
"2017-04-07",108.0
"2017-04-08",104.9
"2017-04-09",103.2
"2017-04-10",101.8
"2017-04-11",103.1
"2017-04-12",106.4
"2017-04-13",104.7
"2017-04-14",105.3
"2017-04-15",103.8
"2017-04-16",107.9
"2017-04-17",106.2
"2017-04-18",106.8
"2017-04-19",110.5
"2017-04-20",112.2
"2017-04-21",104.0
"2017-04-22",106.6
"2017-04-23",103.8
"2017-04-24",100.4
"2017-04-25",104.8
"2017-04-26",100.7
"2017-04-27",100.6
"2017-04-28",103.1
"2017-04-29",103.2
"2017-04-30",101.0
"2017-05-01",104.1
"2017-05-02",107.6
"2017-05-03",104.9
"2017-05-04",101.7
"2017-05-05",101.8
"2017-05-06",111.4
"2017-05-07",111.3
"2017-05-08",107.2
"2017-05-09",104.4
"2017-05-10",107.2
"2017-05-11",111.4
"2017-05-12",109.4
"2017-05-13",109.4
"2017-05-14",108.4
"2017-05-15",104.8
"2017-05-16",102.7
"2017-05-17",107.2
"2017-05-18",103.7
"2017-05-19",99.2
"2017-05-20",102.0
"2017-05-21",100.8
"2017-05-22",105.8
"2017-05-23",103.9
"2017-05-24",102.2
"2017-05-25",103.6
"2017-05-26",101.8
"2017-05-27",98.7
"2017-05-28",100.2
"2017-05-29",100.2
"2017-05-30",98.4
"2017-05-31",99.2
"2017-06-01",105.9
"2017-06-02",101.6
"2017-06-03",99.9
"2017-06-04",97.8
"2017-06-05",101.6
"2017-06-06",99.9
"2017-06-07",97.8
"2017-06-08",98.9
"2017-06-09",108.6
"2017-06-10",103.8
"2017-06-11",101.4
"2017-06-12",98.9
"2017-06-13",103.8
"2017-06-14",101.4
"2017-06-15",98.9
"2017-06-16",97.3
"2017-06-17",101.4
"2017-06-18",98.9
"2017-06-19",97.3
"2017-06-20",97.5
"2017-06-21",98.9
"2017-06-22",97.3
"2017-06-23",97.5
"2017-06-24",98.6
"2017-06-25",97.3
"2017-06-26",97.5
"2017-06-27",98.6
"2017-06-28",98.5
"2017-06-29",97.5
"2017-06-30",98.6
"2017-07-01",98.5
"2017-07-02",97.9
"2017-07-03",97.9
"2017-07-04",103.0
"2017-07-05",99.1
"2017-07-06",97.9
"2017-07-07",110.8
"2017-07-08",102.7
"2017-07-09",100.6
"2017-07-10",98.5
"2017-07-11",102.7
"2017-07-12",100.6
"2017-07-13",98.5
"2017-07-14",98.5
"2017-07-15",99.7
"2017-07-16",100.6
"2017-07-17",101.0
"2017-07-18",98.9
"2017-07-19",101.7
"2017-07-20",101.4
"2017-07-21",100.7
"2017-07-22",97.9
"2017-07-23",103.3
"2017-07-24",100.2
"2017-07-25",99.4
"2017-07-26",98.7
"2017-07-27",107.8
"2017-07-28",106.5
"2017-07-29",100.1
"2017-07-30",98.3
"2017-07-31",106.5
"2017-08-01",100.1
"2017-08-02",98.3
"2017-08-03",96.9
"2017-08-04",100.1
"2017-08-05",98.3
"2017-08-06",96.9
"2017-08-07",97.4
"2017-08-08",98.3
"2017-08-09",96.9
"2017-08-10",97.4
"2017-08-11",99.0
"2017-08-12",97.4
"2017-08-13",99.0
"2017-08-14",101.1
"2017-08-15",98.3
"2017-08-16",98.3
"2017-08-17",101.1
"2017-08-18",102.0
"2017-08-19",97.7
"2017-08-20",101.9
"2017-08-21",101.6
"2017-08-22",99.7
"2017-08-23",95.0
"2017-08-24",101.6
"2017-08-25",99.7
"2017-08-26",95.0
"2017-08-27",96.3
"2017-08-28",99.7
"2017-08-29",95.0
"2017-08-30",96.3
"2017-08-31",95.3
"2017-09-01",95.0
"2017-09-02",96.3
"2017-09-03",95.3
"2017-09-04",98.3
"2017-09-05",96.3
"2017-09-06",95.3
"2017-09-07",98.3
"2017-09-08",95.0
"2017-09-09",98.3
"2017-09-10",95.0
"2017-09-11",99.2
"2017-09-12",96.7
"2017-09-13",95.0
"2017-09-14",99.2
"2017-09-15",96.7
"2017-09-16",99.0
"2017-09-17",96.7
"2017-09-18",99.0
"2017-09-19",100.4
"2017-09-20",98.4
"2017-09-21",99.0
"2017-09-22",100.4
"2017-09-23",98.4
"2017-09-24",97.1
"2017-09-25",97.1
"2017-09-26",104.2
"2017-09-27",101.7
"2017-09-28",98.6
"2017-09-29",104.2
"2017-09-30",101.7
"2017-10-01",98.6
"2017-10-02",97.1
"2017-10-03",101.7
"2017-10-04",98.6
"2017-10-05",97.1
"2017-10-06",98.8
"2017-10-07",98.6
"2017-10-08",97.1
"2017-10-09",98.8
"2017-10-10",96.8
"2017-10-11",96.8
"2017-10-12",100.9
"2017-10-13",103.8
"2017-10-14",97.8
"2017-10-15",100.9
"2017-10-16",103.8
"2017-10-17",97.8
"2017-10-18",98.9
"2017-10-19",103.8
"2017-10-20",97.8
"2017-10-21",98.9
"2017-10-22",96.9
"2017-10-23",97.8
"2017-10-24",98.9
"2017-10-25",96.9
"2017-10-26",95.5
"2017-10-27",102.3
"2017-10-28",103.1
"2017-10-29",101.2
"2017-10-30",98.6
"2017-10-31",101.2
"2017-11-01",98.6
"2017-11-02",99.8
"2017-11-03",97.5
"2017-11-04",107.4
"2017-11-05",104.1
"2017-11-06",99.4
"2017-11-07",98.2
"2017-11-08",102.3
"2017-11-09",107.2
"2017-11-10",100.9
"2017-11-11",98.6
"2017-11-12",101.1
"2017-11-13",104.9
"2017-11-14",101.9
"2017-11-15",98.1
"2017-11-16",104.9
"2017-11-17",101.9
"2017-11-18",98.1
"2017-11-19",98.9
"2017-11-20",101.1
"2017-11-21",104.7
"2017-11-22",101.1
"2017-11-23",98.8
"2017-11-24",102.3
"2017-11-25",100.2
"2017-11-26",101.6
"2017-11-27",98.7
"2017-11-28",100.2
"2017-11-29",101.6
"2017-11-30",98.7
"2017-12-01",110.3
"2017-12-02",110.5
"2017-12-03",112.8
"2017-12-04",109.1
"2017-12-05",110.8
"2017-12-06",108.3
"2017-12-07",109.4
"2017-12-08",110.2
"2017-12-09",107.3
"2017-12-10",108.9
"2017-12-11",113.3
"2017-12-12",113.7
"2017-12-13",113.8
"2017-12-14",109.3
"2017-12-15",109.7
"2017-12-16",109.9
"2017-12-17",109.4
"2017-12-18",108.2
"2017-12-19",108.5
"2017-12-20",109.0
"2017-12-21",112.5
"2017-12-22",106.9
"2017-12-23",108.2
"2017-12-24",105.8
"2017-12-25",107.8
"2017-12-26",111.3
"2017-12-27",109.8
"2017-12-28",108.7
"2017-12-29",111.8
"2017-12-30",110.3
"2017-12-31",115.4
"2018-01-01",108.8
"2018-01-02",108.6
"2018-01-03",108.5
"2018-01-04",111.3
"2018-01-05",112.1
"2018-01-06",108.0
"2018-01-07",111.3
"2018-01-08",114.9
"2018-01-09",114.1
"2018-01-10",114.2
"2018-01-11",113.0
"2018-01-12",111.7
"2018-01-13",113.6
"2018-01-14",111.7
"2018-01-15",115.1
"2018-01-16",113.8
"2018-01-17",109.4
"2018-01-18",109.4
"2018-01-19",112.0
"2018-01-20",114.2
"2018-01-21",112.9
"2018-01-22",116.8
"2018-01-23",111.4
"2018-01-24",111.0
"2018-01-25",111.9
"2018-01-26",107.9
"2018-01-27",107.7
"2018-01-28",107.0
"2018-01-29",107.7
"2018-01-30",107.3
"2018-01-31",109.2
"2018-02-01",112.3
"2018-02-02",114.3
"2018-02-03",112.5
"2018-02-04",113.6
"2018-02-05",114.8
"2018-02-06",113.8
"2018-02-07",110.8
"2018-02-08",109.5
"2018-02-09",109.4
"2018-02-10",105.8
"2018-02-11",104.3
"2018-02-12",106.6
"2018-02-13",109.4
"2018-02-14",111.3
"2018-02-15",111.2
"2018-02-16",110.5
"2018-02-17",111.8
"2018-02-18",111.5
"2018-02-19",111.6
"2018-02-20",114.2
"2018-02-21",111.0
"2018-02-22",109.2
"2018-02-23",113.1
"2018-02-24",111.6
"2018-02-25",108.8
"2018-02-26",110.8
"2018-02-27",112.0
"2018-02-28",109.8
"2018-03-01",109.5
"2018-03-02",110.0
"2018-03-03",109.8
"2018-03-04",109.2
"2018-03-05",107.0
"2018-03-06",107.0
"2018-03-07",110.4
"2018-03-08",108.6
"2018-03-09",109.2
"2018-03-10",112.8
"2018-03-11",104.8
"2018-03-12",105.3
"2018-03-13",105.2
"2018-03-14",102.5
"2018-03-15",106.2
"2018-03-16",103.8
"2018-03-17",107.3
"2018-03-18",104.7
"2018-03-19",103.7
"2018-03-20",105.1
"2018-03-21",106.4
"2018-03-22",107.8
"2018-03-23",113.8
"2018-03-24",109.5
"2018-03-25",102.2
"2018-03-26",107.6
"2018-03-27",105.4
"2018-03-28",106.0
"2018-03-29",110.1
"2018-03-30",107.1
"2018-03-31",109.3
"2018-04-01",109.2
"2018-04-02",107.1
"2018-04-03",107.2
"2018-04-04",106.3
"2018-04-05",110.5
"2018-04-06",106.6
"2018-04-07",110.2
"2018-04-08",105.1
"2018-04-09",106.9
"2018-04-10",113.1
"2018-04-11",109.0
"2018-04-12",105.7
"2018-04-13",103.3
"2018-04-14",103.7
"2018-04-15",103.2
"2018-04-16",106.5
"2018-04-17",109.7
"2018-04-18",104.5
"2018-04-19",102.7
"2018-04-20",105.3
"2018-04-21",103.7
"2018-04-22",105.1
"2018-04-23",104.6
"2018-04-24",103.2
"2018-04-25",100.8
"2018-04-26",104.1
"2018-04-27",110.7
"2018-04-28",107.6
"2018-04-29",102.1
"2018-04-30",104.6
"2018-05-01",103.2
"2018-05-02",104.6
"2018-05-03",105.8
"2018-05-04",106.7
"2018-05-05",104.5
"2018-05-06",103.5
"2018-05-07",107.5
"2018-05-08",105.6
"2018-05-09",104.6
"2018-05-10",101.3
"2018-05-11",101.1
"2018-05-12",99.8
"2018-05-13",108.7
"2018-05-14",108.1
"2018-05-15",107.0
"2018-05-16",107.7
"2018-05-17",105.1
"2018-05-18",99.7
"2018-05-19",101.0
"2018-05-20",100.0
"2018-05-21",106.7
"2018-05-22",98.6
"2018-05-23",96.0
"2018-05-24",97.9
"2018-05-25",98.5
"2018-05-26",104.3
"2018-05-27",100.3
"2018-05-28",108.7
"2018-05-29",109.0
"2018-05-30",104.0
"2018-05-31",102.0
"2018-06-01",105.9
"2018-06-02",101.6
"2018-06-03",99.9
"2018-06-04",97.8
"2018-06-06",101.6
"2018-06-07",99.9
"2018-06-08",97.8
"2018-06-09",98.9
"2018-06-11",108.6
"2018-06-12",103.8
"2018-06-13",101.4
"2018-06-14",98.9
"2018-06-15",103.8
"2018-06-16",101.4
"2018-06-17",98.9
"2018-06-18",97.3
"2018-06-19",101.4
"2018-06-20",98.9
